asset_id,asset_name,asset_description,created_datetime_date
a5ee2d57-9bbe-4ee5-8346-a04fca0cb074,Between,Situation structure never center why war success.,20/01/2025
2a4e0bbd-eb6c-4a6c-a9f6-291693109f84,Mouth,Include campaign hit half activity still any.,04/04/2025
cb9cf18d-9af6-4e8a-8b66-ce1035183f79,Four,Suggest team available at simple opportunity thank.,25/01/2025
3375b005-ea35-437d-8147-4dcad275ce7c,Easy,Letter because walk sea.,08/04/2025
fc8fe06b-642e-47a7-aa2d-a5d1a9374782,Peace,Stock evidence final establish.,22/11/2024
2958ca78-c00c-46b6-854d-25af6de3f711,Century,Determine section reduce performance.,04/11/2024
a0c3fb8a-5fa0-4580-a950-659430dd81f3,War,Voice truth simply religious player.,16/03/2025
e8ee5caa-1d07-4ed4-b97c-5e561b530172,Learn,Foot marriage do raise close.,24/01/2025
24175cc4-d812-4b79-820f-4edbca2b9ad8,Away,Thus environmental floor speak adult despite very.,22/12/2024
6e118cce-ec71-4855-807b-83414cdc675c,Find,Outside student interview.,07/12/2024
2b18e23c-c1de-4846-a080-a7fad51708df,Bill,Lose school almost health issue treat game.,24/12/2024
db7b1abd-5256-44af-b9de-5b3c261fce00,Head,Ago black role president professor.,14/12/2024
ca0b3fb4-bcbc-4ac5-beaf-d93eb33e7c78,Skin,Wife design important.,31/10/2024
e1ccba58-7aa7-43fb-bef3-bf36d7130727,Firm,Mrs central truth gas.,27/01/2025
3121788e-fe84-4214-ae54-30307e493f02,Idea,Particularly guess marriage one score want color fall.,03/12/2024
7510369b-5e83-46cb-891c-d10858f94906,Could,Their investment reflect him executive special.,05/02/2025
00c2df61-8fd7-4d35-9f0b-22de0b6a9b95,Woman,Yourself candidate order level foreign.,23/02/2025
461efb68-23fe-42ab-a3be-909d90750ade,President,Huge positive though past board book.,02/01/2025
9927b579-0562-4a4f-b0a0-d5a47857b645,Report,Lead whether half start avoid.,07/01/2025
ff273c6c-07e3-40dd-aa13-c5c501687c27,Friend,Note coach direction blood.,29/03/2025
ec2878c9-2ecf-4955-9922-244a328cdf13,List,Service up but.,05/12/2024
0ff5172c-1366-44f2-b3f4-802ffa375ccd,Ago,Always few store about.,05/11/2024
4df2b50b-26fd-49d1-9ec5-7b6deefe749f,Really,Year fire central environment.,18/01/2025
3c2552ec-6915-4449-b003-54f51bfe2c11,Purpose,Space their maybe.,15/01/2025
17f16347-f887-4abc-89cf-aabd8da6b92b,Learn,Either author back fall meet study.,25/03/2025
01db2bf7-ea3f-43fb-a5ca-fcaa863df481,Born,Indeed series product collection whatever.,09/02/2025
8c4e0416-6954-47be-aee8-74ab0b100c1d,Executive,Military feeling various skin catch particularly simply the.,16/01/2025
29b21171-7f82-4e55-8078-dcee2b951b85,Tough,Suddenly interest federal scientist involve media.,07/11/2024
6d65bd21-cae4-4698-ad7b-732ab126a8f2,Improve,Their within wonder government each few.,05/04/2025
b9c96680-9a3c-4b86-8dcd-8373bc604bb2,Room,Bank only rock per at once agent.,26/01/2025
7201b0a6-410a-448f-b7a6-b0bea52cea3f,Operation,Money this prepare eye pull.,16/01/2025
780d5d98-97df-4293-91ed-fb1e6cd725e0,Resource,Wish next in finish color.,21/12/2024
6ba49392-be08-4c88-9ce2-5f61bfe69533,Response,Organization whole point song.,13/11/2024
6b92cdc7-8dca-401f-8674-f2594f9f1635,Believe,Way card suggest second until such.,25/01/2025
824b31e5-4b9d-4516-8abd-c25054a652b3,But,Check right type rock news song often.,15/03/2025
3701beb9-2551-409f-b460-3bcbe2472f5c,Exist,Modern wear executive seat.,25/02/2025
99bd200e-3de9-44ff-af66-a74cc645b988,Again,Dream account either middle letter model.,24/10/2024
6ed9d20c-da48-4099-9514-04d0db7d737d,Image,Gun common everyone shoulder prove hour second.,10/11/2024
5fa1f31a-d3e1-425a-8802-d749a57a414b,Local,Lot effect upon bank policy walk seem.,07/01/2025
1b6ed441-a3be-49cc-bded-b990c59d0734,Might,Attack own save join investment the college from.,09/01/2025
20eb6172-5da2-4f3f-8173-a8b2e3114850,Continue,Particularly budget property they happen likely.,28/10/2024
0c001106-187f-44bb-8836-ff6357401d41,Unit,Set gun prove less food marriage industry.,06/02/2025
73b23ceb-98ae-46ab-b795-66934451bfa3,Mouth,Low role wrong tonight could rise fund.,04/02/2025
c94ab116-5205-4e87-b0da-e90df3027792,Doctor,Federal mother prepare computer value southern.,21/10/2024
69cc7198-321b-4dd1-b175-a133f2aa131d,Change,Political key hour money enter despite leg.,30/03/2025
27990bca-e682-4a1e-aa07-add5e62106e9,Reach,Despite who collection figure edge across.,08/11/2024
e7ddfbd7-4235-440f-bb50-b21d87ca36de,Field,Attorney get affect guess many.,24/03/2025
50cefc9e-8cda-4d32-8f98-109149e0c3ef,Up,On pick up head economic.,15/02/2025
1445ef84-ae88-461c-be89-dc80ed6cab55,Actually,Whatever ready present nice.,18/02/2025
e782d990-c4bf-4517-83b3-146c68736d8c,Affect,White degree start any town.,22/02/2025