user_id,first_name,last_name,email,created_datetime_date
563acd0b-653f-4122-a023-c061f6e337a4,Joseph,Nielsen,tracy77@hotmail.com,18/11/2024
941a9f05-d948-4776-9ffb-10f76c62d3c7,Marilyn,Ramirez,boydandrew@ford.biz,16/12/2024
dcffd063-cd23-4c46-a579-78bff10c60a9,Richard,Hall,kennedysteven@stewart.com,29/10/2024
aa251467-5ba8-459a-bc4c-203d42d00397,Benjamin,Ortiz,johnsonchristie@gmail.com,16/12/2024
ac272d83-f222-43e9-9035-85e6a0dabe65,Joshua,Knight,paulmoody@gmail.com,09/03/2025
4145777d-4f48-4855-9f7a-6d534e106d01,Kevin,Hill,christophersanchez@hotmail.com,05/11/2024
36fcee72-22e3-4719-8390-9e3849e72438,Justin,Andersen,sheilaharmon@banks-sutton.com,27/12/2024
c43540ce-13f5-491b-9e3d-354f7704e6fc,Ryan,Price,ichavez@white.com,18/04/2025
18593415-ccff-4809-8e0b-9223b7ddd7ba,Amber,Vaughn,meltonfrances@yahoo.com,15/01/2025
576b4d49-3322-4311-946b-ef6820577154,Christian,Baker,ybradley@hernandez-morton.info,25/02/2025
100c7531-2cc4-438b-ae47-e72d47cdcff5,Christina,Ramirez,kmontgomery@trujillo.com,10/12/2024
b2d69b49-01b9-40f1-8299-dd92cb56091a,Mary,Porter,elizabeth46@gmail.com,15/03/2025
bbae985c-bea9-4d86-8220-4207a606ab8a,Julie,Chase,arthur57@gmail.com,22/01/2025
e5483a33-321e-486d-a921-b5553b947dc8,Christopher,Colon,stantontheresa@gmail.com,01/12/2024
2f6aaf78-7f3e-42d7-a687-349c4489c799,Aaron,Cox,yrussell@hotmail.com,29/11/2024
8093ce50-c6d1-437e-b179-763674406bf5,Jacob,Wilcox,sharon88@yahoo.com,31/03/2025
84d2c729-ab18-4d6f-97dc-8a02a34e0c52,Alexis,Cross,munozcassandra@hotmail.com,02/02/2025
7b740885-3837-43fa-8243-757d756d5145,David,Anderson,wsmith@dougherty.info,12/12/2024
80f24e31-637f-400d-8e7c-c90805c68450,Anthony,Newman,zbates@gmail.com,07/02/2025
7d23cbd0-994e-422e-a839-a254b0afe6b8,Steven,Mitchell,erobinson@taylor.com,05/03/2025
2960947a-ab73-475a-9fbd-b7392c08c3a0,David,Taylor,kpacheco@orozco.biz,13/12/2024
55674bb0-5553-438f-9125-0d5443837460,Anthony,Holloway,shanebrown@johnson-white.com,17/11/2024
d1bd3243-4a70-48ee-99c8-63ba09e72f38,Tara,Mitchell,huffbrenda@edwards-griffin.info,11/11/2024
54351015-7dbd-4193-b655-83cc1ee12952,Bryan,Johnson,alisonterrell@becker-riggs.com,17/02/2025
2f9e175a-7a36-4364-88b3-3271c562eb23,David,White,jordanheidi@smith.com,14/03/2025
50d1e0fa-46a9-463f-b861-657b116b3f41,Alisha,Smith,tyoung@haas.info,12/02/2025
63e4b39d-ac07-4660-84fa-a015a93195ee,Angela,Martin,ygutierrez@hotmail.com,06/12/2024
c5dbc5fd-c028-49d7-902d-dce49ebced1b,Tanya,Johnson,wkane@hotmail.com,07/12/2024
bdc37b3b-2234-49f9-8056-7d99befa98e1,Sherri,Anderson,beckermelvin@gmail.com,31/10/2024
efec9817-c394-4294-a57b-6b1bb9a580fa,Megan,Chavez,amberwu@briggs.com,28/02/2025
5ba3e3c1-6e45-4e3b-8b84-89cc7c33c943,Alicia,Mercado,patrickpittman@chen-morrison.info,15/04/2025
bc709f46-3366-4b46-a8a7-3672ac4b8edb,Yvonne,Chase,harringtonselena@yahoo.com,01/02/2025
89f571dd-9997-4397-98f9-9daf93e54e5e,Steven,Wilson,fletcherlindsay@arnold-daniel.com,04/12/2024
bbc87234-0f37-49db-be7b-1c49c1f41c10,Nicole,Burgess,whiteashley@hotmail.com,22/02/2025
2a0f4a95-ab81-4870-81e5-ab751993c973,Christina,Lynch,kari52@hotmail.com,05/12/2024
377b9ed6-1a8c-4864-a192-fcc842ea6b13,Aaron,Booth,alexandra07@johnson-baxter.com,31/10/2024
99a5b93b-dc9d-45aa-8cb3-55de3c7efc81,Kyle,Byrd,juliepham@wallace.com,09/11/2024
518a837b-ce45-4f99-9123-e1b098a40c20,Jennifer,Flores,julian00@rivera.com,09/01/2025
07dc1872-4e85-4fce-8ecf-061f8d6152af,Christine,Ewing,felicia10@yahoo.com,24/12/2024
941e1e7d-5065-4ff3-912d-602c3b26dbc3,Kevin,Fleming,alvarezpaula@gmail.com,09/03/2025
388700bf-f4b9-41be-bc8a-0d535cb68bda,Amber,Hill,johnsonjohn@parsons.com,21/01/2025
2715b002-2883-46cc-b5f8-d8e27eac244e,Deborah,Jennings,thomasroberts@myers.biz,09/11/2024
4e26e328-6594-488f-bb93-f48aab2b7241,Christopher,Garcia,longjames@hotmail.com,02/03/2025
22b552c0-4252-4d08-8408-9af94def9329,Thomas,Smith,ksullivan@hotmail.com,20/03/2025
02505ced-aa25-4bbb-81c6-cc20910231ee,Charles,Phillips,bcline@daugherty.com,17/11/2024
97d687a5-e10b-4d71-ad8c-a8e17b293ea9,Thomas,Dean,hjames@vaughn.com,22/10/2024
8d9c3906-e6a8-409d-b724-859a3c873ba0,Russell,Ramos,patrickberg@hotmail.com,05/02/2025
0ffdc096-47df-4296-aefe-bbad1379ec9f,Anna,Gonzalez,warnerjennifer@rose.com,21/11/2024
da9015f2-3801-4781-9066-d4165b4ddd3e,Jeffrey,Russell,christophercain@tran.com,08/01/2025
29a666aa-c167-41c9-84b7-e70eeef137e6,John,Wilson,rojastodd@gmail.com,25/02/2025
f2286c07-df80-4b23-9d13-0c69b84353ec,Kenneth,Stark,ypeterson@gmail.com,10/04/2025
990705d7-dca5-439b-8c60-7b38f28353a6,Dylan,Smith,judy38@barnes.com,09/04/2025
8bcdc58d-1c42-4c62-80eb-93661140b413,Whitney,Guzman,pauljeffrey@hotmail.com,21/01/2025
b173903c-d0eb-4767-ab17-c00c486b520d,Catherine,Powell,glendameyer@yahoo.com,22/01/2025
cce8029c-1fd4-4965-bd20-0d521584f93c,Tonya,Williams,nancydunn@hall-moon.com,24/02/2025
0409843c-ba07-421c-b1b4-974983fd9453,Crystal,Molina,valeriewoods@harvey.com,29/11/2024
bc79ec3d-5bd6-4b3f-b28c-32029f95a771,Virginia,White,vcarlson@smith.com,17/03/2025
a1754e9e-6399-47a8-9664-445ee7367454,Michael,Morrison,mackjames@yahoo.com,16/12/2024
f54477c1-9c68-4c76-814d-56f4e5190e29,David,Shields,mnorton@wilson-rodriguez.org,22/12/2024
a6595524-7222-48dd-8fe6-912425a6298a,Darlene,Ramsey,anthony80@yahoo.com,15/12/2024
2442b455-60d0-4bd8-ac7b-c35e7100b0c7,Monica,Hooper,kristinfarrell@gmail.com,23/02/2025
b4faba33-101b-405e-8465-5a95895ea498,Brittany,Gomez,lawrencehowell@yahoo.com,01/11/2024
480eb9c1-4025-4bbd-b650-29f2cdace254,Pamela,Anderson,lroy@hotmail.com,15/04/2025
d60c3c0b-4a70-4bbe-80c9-a52d602b8a04,Corey,Randolph,qnelson@garza-martin.com,19/03/2025
48f5843e-7527-45b6-8cfc-abe58d4d1ebd,Matthew,Gilmore,johnsondavid@dougherty-clark.biz,07/11/2024
71558a8b-5454-4782-94c5-c1806dcad879,Sylvia,Proctor,owalter@yahoo.com,25/02/2025
1c162d2d-1b33-448f-9cb9-5b4151ead441,Shawn,Cordova,joel81@ellison-lopez.com,09/02/2025
81d9ad61-2ec5-4d3c-a5cb-aff9b8198db7,Jocelyn,Mccarthy,thomas10@martinez.com,05/12/2024
333f85f3-68d3-4a3d-adce-00da53655d89,Isaiah,Reese,bmitchell@yahoo.com,02/02/2025
bf04be76-db6c-41bf-b998-aeeb1324eca7,Jose,Joyce,drew82@mason.com,13/03/2025
5e24d725-81e5-48b2-a6bc-2bad6cf7f7c4,Cory,Lowery,fjohnston@hotmail.com,10/03/2025
4bd379a5-63e7-460b-a1fb-26a1f8a286d2,Michele,Reeves,ewoodward@ballard.net,04/04/2025
a6c76197-22db-4d0d-8b50-706636f115aa,Kelsey,Wise,joel94@gmail.com,28/10/2024
6eb358d5-b17e-48ce-9c03-aef6c9029a84,Howard,Cameron,pvalentine@payne.com,16/04/2025
2e028a4b-9a96-4753-b335-99eed7461e94,Gina,Yoder,johnny54@hotmail.com,18/04/2025
817f03fb-bdc6-4077-a05c-3b6db66ee463,Katie,Hodges,franklinthomas@gmail.com,24/11/2024
c440adc1-64d5-42f0-b647-19e0d4cd29ac,Derrick,Evans,stephensashley@yahoo.com,10/01/2025
14d89dc2-745a-49df-bb39-e192ff1a8020,Derrick,Miller,gonzalesmelissa@allen.biz,10/04/2025
b99687f8-c7de-470c-a54c-5b8945fafab1,Sara,Campbell,kiara20@rivera-english.com,01/04/2025
f6baa23a-65c9-4402-a489-ab187f791f8f,Austin,Kaiser,smithmichael@flores.com,24/11/2024
c19ae5bd-78b8-4fba-8117-2453bbf9f03d,Kayla,Underwood,osmith@mata-cisneros.biz,17/04/2025
61c15e59-a179-4876-b99f-9508ddcbe502,Paula,Stewart,scottarmstrong@hotmail.com,28/10/2024
478647d0-d128-4fea-9731-32eff40440e2,Joseph,Campbell,timothyharrington@hotmail.com,01/04/2025
fa907d15-0a05-42eb-94bd-7205c5c21544,Mark,Graham,cbray@gmail.com,06/01/2025
f941fdda-6c38-4fda-9f65-0e7909bbe2a8,Raymond,Huber,kirkjefferson@roberts.com,23/03/2025
7d715697-b660-4c4b-9de9-a62aa7fc6dd7,Thomas,Daniels,william54@villanueva.info,25/01/2025
e649af88-f29a-47a7-856c-386fad928400,Laurie,Hogan,edwinlopez@yahoo.com,26/11/2024
9bd1f09f-fe6a-49f7-9e08-93bfda32098c,Taylor,Dawson,tgordon@johnson.info,15/03/2025
b6952d35-9966-4b6e-9a18-2b09d0e4a04d,Christopher,Cooper,singletonalexandria@gmail.com,08/04/2025
59776361-6dad-46ca-b8e4-d28b50a1b8a8,Brittany,Walker,bennettloretta@riley.org,19/04/2025
baffe657-9dce-4c25-b041-ad31cb13bab1,Sabrina,Jordan,dwyatt@gmail.com,16/12/2024
73be7224-750c-40f8-b3be-113cde9757ff,Justin,Hernandez,djenkins@yahoo.com,09/04/2025
a18d8012-f1a5-4e11-81c8-0dd56258a460,Melissa,West,kjohnson@harris-walton.com,28/10/2024
9bfad9dc-df87-4b79-92cd-681c2577636a,Sarah,Jones,jrios@hotmail.com,23/10/2024
03917ec5-c953-4bba-af2b-dfbc0e1fdd7e,Jacob,Stevens,parkkaren@hotmail.com,18/12/2024
d57dac75-fdeb-4b4c-ad74-2cf19425c6ed,Cynthia,Williams,andreaadams@jordan.com,08/02/2025
848e8846-a2f1-41cd-a4c7-eef98fafe835,Jennifer,James,lbrown@smith.net,15/02/2025
84df6315-b217-48cd-9281-f45d2b88b987,Kevin,Watts,scott02@gmail.com,11/11/2024
77d75ec9-170f-4ba5-a64b-84e8e41f250d,Paul,Bryant,zmcgee@gmail.com,25/12/2024
87955681-e8e6-4e89-b5d1-b650987fd211,Christopher,Wood,jamesdavidson@gmail.com,15/12/2024
3d50a19e-084f-4803-84de-8b2d3078c698,Eric,West,cmoore@howard.com,17/01/2025
95832121-dfc8-489e-931a-4d0d6b683ad5,Kerry,Mitchell,alexandrawinters@gmail.com,22/02/2025
c9773848-f8e6-4254-a41c-95d6d6350414,Teresa,Drake,karinajohnson@johnson-reed.com,03/02/2025
5429fc8d-7c28-4457-9e2d-1fdca35dc4f9,Michael,Watson,jacqueline77@white.biz,31/01/2025
67968772-64a6-4877-927d-5cedf92bd6e0,Linda,Roberts,jimenezamanda@scott.com,25/01/2025
202ed917-43cd-445a-9e0b-0388607636fc,Richard,Sanchez,joelee@greer.com,12/04/2025
c6a5c918-52df-4dac-96ba-7ac72c73df9f,Bryan,Burton,tara73@barnett.net,16/11/2024
2e40a0e5-123a-4e86-8bb9-53a788d44789,Jasmin,Barrett,gibsonkristin@salinas-wood.com,04/04/2025
89862340-04ee-44d7-8b67-605842670c97,Susan,Smith,stevensrebecca@clark.com,27/01/2025
b59962d5-a726-4137-9bc1-a6b75a0c6d82,Carrie,Campbell,kathleen13@hotmail.com,20/01/2025
16644eb8-67b3-4d34-9782-b0b2475a2352,William,Webb,avilasteven@yahoo.com,13/12/2024
c423c797-ec75-4413-9602-748498113d86,Ryan,Roman,uerickson@schmitt.org,27/11/2024
d307a377-a51a-4acf-af0c-e56b68d845c2,Kayla,Wolfe,hannahwelch@yahoo.com,27/03/2025
b9133895-86e3-4c02-8c2a-be7f7276c16d,Lindsey,Rodriguez,jeremyrichards@castillo.com,12/11/2024
314e0693-9fa2-448e-8415-86e4a76bb989,Michelle,Hernandez,peggyrivera@hotmail.com,24/12/2024
647904c2-d64e-4142-97b9-b384f9d44bf5,Jillian,Ruiz,steven04@stevens.com,21/11/2024
a22a2fa4-4625-44cf-beda-f884465906f5,Tracy,Hill,bowenjulie@shannon.net,12/03/2025
e95185a9-2fb5-4476-8b96-389ece94f0ae,Susan,Hanson,pattonalexander@hotmail.com,18/01/2025
7998c187-f024-4e2c-bb2d-389a4cb91003,Jessica,Roberts,reyesnorma@ross-jones.com,24/02/2025
8c8ca8cb-d79c-4592-b58c-7b36caf911c6,Daniel,Stone,bestdana@bailey.net,10/12/2024
119ec644-b032-4de0-9f9a-c0b2ada1cfee,Kimberly,Padilla,allendaniel@williams.com,09/03/2025
34d7e9f3-96f3-4610-adb6-3f27607de6b1,Linda,Schneider,tarawashington@hotmail.com,26/11/2024
a4b54b9a-a023-4ebc-adc4-3564a5bd4250,Teresa,Young,hailey04@schwartz.com,24/10/2024
09ae9e7f-ed28-4058-b4d5-142124e290b8,Shannon,Davidson,sampsonkelly@bennett.org,13/03/2025
afb9083e-ac12-49c3-a872-983a28ad612e,Joseph,Ball,tgarza@gmail.com,25/12/2024
0b4f4610-bf44-4b55-9393-992f71bb9fe1,Sarah,Gonzalez,goodwindaniel@clark-brady.com,23/03/2025
17251413-4f75-4aee-94fe-9c73da0367b0,Tara,Hansen,nunezbrian@gmail.com,17/12/2024
db31fe97-0b20-4840-bc13-4151e4f746c7,Kevin,White,mboyer@cox.com,08/02/2025
1fbf66ae-8883-4dd7-9c05-ed301075ff59,John,Burnett,beth67@stevens-huerta.net,01/03/2025
91194790-f509-4f6b-bc22-25b77008e464,Curtis,Gregory,btaylor@mercer.info,17/03/2025
4c7bef1a-52c2-46d0-82e3-1bb13055ed28,Roy,Lopez,lgarcia@mckinney.com,27/11/2024
c1cd0483-7ba6-4f46-b106-7724cf48b26b,Elizabeth,Carroll,rgallegos@harris-johnson.com,24/11/2024
b5d6c241-15d2-4ef0-9be2-ad8c05adcbee,Jessica,Perez,reneegibson@yahoo.com,16/02/2025
2620c9c7-b52f-4ae0-86a8-a5bf8f938865,Erin,Valencia,phillipsjason@bates.com,05/04/2025
4e75f723-dc31-487a-b610-f1db37b7da92,Rhonda,Gomez,hjimenez@hayes-smith.biz,22/02/2025
665953be-cd49-412e-8521-f21e85ea1563,Mary,Mills,barrettthomas@hotmail.com,13/04/2025
fc8ce921-60ff-4986-9d19-da34ed7dc42b,Joseph,Wilson,smcgee@burns.net,08/01/2025
1f0bef5e-6053-43e4-8472-d5f5c007dd69,Tiffany,Schultz,cathywilson@hotmail.com,30/03/2025
d670e994-bf17-44b2-9ac6-96dde0367a50,Sara,Peterson,danielleturner@hotmail.com,12/01/2025
b32cc5e3-99d3-43f1-b3d2-b3f3be7d8889,Megan,Leach,ydavis@gmail.com,29/01/2025
e0979f21-d07c-4977-b327-c5df3c2912e5,Eric,Travis,gmullins@frazier.info,24/12/2024
3b3dfac2-82a7-4de3-95bc-3bf8150f6d09,Christine,Bartlett,adamsjacqueline@yahoo.com,07/11/2024
8654530d-8a69-4d16-8c1e-81170d307608,Phyllis,Shaw,johnsonmatthew@garcia.com,07/01/2025
b61c1270-f7df-4e0e-bd54-928ae1c3ae2b,Kelly,Moore,john33@jones-lane.net,28/02/2025
f9c4f145-c461-4c91-a1c1-2ae9d6a21a9f,Morgan,Duncan,ashleyflores@stark-bowen.com,08/11/2024
c61a6a99-1922-4963-acf3-4ed91472ce77,Shannon,Anderson,allisonmurphy@hotmail.com,26/11/2024
4ef29e44-a505-4820-9b36-8195fa6b71a4,Ronald,Kerr,calebsellers@cook.com,17/11/2024
806f406e-ddc2-4b92-b50a-13058062af92,Anthony,Carr,shawnherrera@horton.com,22/01/2025
48a6037e-3baf-412c-a5fd-443d82f29fc4,Jeffrey,Singh,christopherkennedy@clark.biz,23/12/2024
6ed4e1e0-d7ce-4593-932b-97872cf717ed,Andrew,Peters,alexander25@yahoo.com,08/12/2024
7aa04ff6-a841-418c-8bdf-f306e179b933,Brian,Hart,martinpedro@young.com,22/10/2024
5256c9c2-a6bf-4656-b88d-953fa427d508,Amy,Murphy,jweaver@stevenson-diaz.com,10/12/2024
96e74e45-4075-40e0-bf03-50a0cf393807,Sean,Baker,laura99@garcia.com,03/01/2025
f3217f86-d4b8-4569-b877-d37545043d16,Patrick,Green,vbarnes@austin-velez.info,06/12/2024
b7dd06b9-80c7-4864-8c38-b9d6bdbe6afb,Megan,Graham,jason52@gmail.com,16/01/2025
1b741644-0b5d-461f-aa9c-395138474c39,Krista,Schneider,taylorrandall@gmail.com,16/03/2025
0fa2e9fa-1e1c-4174-8347-1dc4e5976852,Brian,Landry,michaelschmidt@yahoo.com,12/12/2024
394aef3d-d261-455d-bcef-6d293eedff96,Jacob,Barron,qrobinson@yahoo.com,24/12/2024
0a797f9e-3e1f-4e1c-bc70-f83af23b4364,Kevin,Holmes,durhamcatherine@stafford-stewart.org,18/12/2024
767b34bf-161b-4354-add8-dd8c3cd17e86,Roy,Wood,dwillis@cameron.net,11/02/2025
ba92cc8a-2124-4062-867c-adf1c85d4c6a,Shirley,Sullivan,odomcory@mills-barton.com,10/03/2025
1cae8749-7172-480b-a837-345d8b302cca,Tanya,Ramsey,kdunn@gmail.com,09/02/2025
9d3e1442-588d-48ff-a175-5234a645f18d,Candice,Conner,paulhendrix@robinson.com,23/10/2024
b32ea8ac-f3e8-4fae-8a7c-3fab031e3d2e,Angela,Reese,sarah69@davis-jones.net,11/12/2024
3ef8422a-16e3-4ee2-834f-715d716c6eed,Daniel,Miller,trevor72@gmail.com,25/02/2025
2918e44a-cbba-4427-9e8e-8eca4466658d,Jack,Gonzales,david20@yahoo.com,30/12/2024
e40d58e5-48f2-4795-9bf6-5f2a1f3241a8,Curtis,Brock,bradley42@yahoo.com,04/03/2025
67d10d65-6524-4f9a-8747-914a33fcae81,Natalie,Miller,wwright@gmail.com,06/12/2024
c9d5e116-425a-4a7f-8d95-5acca7667ba8,Michael,Madden,esmith@yahoo.com,02/11/2024
e1fa782d-8576-4c3a-a2e4-729cc23283a3,Jennifer,Webster,rvaughn@robertson.org,28/02/2025
3c730cbd-0d8e-4dec-b05e-1b6017c9b840,Justin,Torres,nanderson@hotmail.com,13/11/2024
54e2bfec-0014-414c-a30d-cdced0a3ea9e,Mary,Glenn,rebeccapeterson@ruiz.com,19/01/2025
5d586638-25c6-4bfb-a04f-47005a7ab885,Maria,Thomas,richardsonjulie@yahoo.com,19/12/2024
34f50b95-c4c8-42de-ba9c-9e179f977cb5,Brian,Green,valerie68@gmail.com,21/11/2024
f99df072-c270-4466-8b34-b6f047ee1846,Christopher,Chambers,qpineda@gmail.com,08/01/2025
001b9d33-1f9c-4a17-9509-bc6b44af790f,Katherine,Jenkins,eric03@lawrence-schneider.com,03/03/2025
8dd01243-d56c-4a01-a7ac-19fbb8da87be,Shawn,Ward,xjohnson@vaughan-smith.biz,26/01/2025
df1c2d18-a235-4568-b37f-3301b1d96525,Christina,Scott,greenrachel@gmail.com,18/04/2025
11310a58-4ee8-4a04-9637-f0745d5439cd,Heather,Benson,wilsonjames@hotmail.com,13/04/2025
596562e0-3b97-48c0-bd8a-8b34cd7cb291,Caitlin,Hopkins,cassandralewis@murphy.biz,11/04/2025
d3e2329b-f75b-4fa9-8ea4-c8bfbaec64dc,Nicole,Sutton,froach@yahoo.com,06/03/2025
8390b036-fe22-4476-8fdf-c6f9fdbb91ea,Cassidy,Kennedy,hwright@gordon.com,19/03/2025
8554d600-c497-4e8b-b3e2-a0908f1d1d5a,Michele,Watkins,gpeterson@martinez.info,20/12/2024
37bc1aca-0201-4b5f-8263-44a0327e1431,Francisco,Jones,jean30@brady.org,04/03/2025
1f953df9-63d1-447d-a2f1-a94381abb04f,Susan,Rogers,kristenbrown@yahoo.com,13/11/2024
db3fd07b-a12c-46a7-99cc-7e89fc5a9496,Alicia,Johnson,jonathan33@yahoo.com,22/02/2025
b6eaf88f-1bd4-4ec1-acfd-521daccd3da2,Rebecca,Estes,wmiller@yahoo.com,17/04/2025
fc25f795-acbb-4d07-8090-d1adf19c853c,James,Padilla,chanmargaret@rodriguez.org,17/12/2024
bb5629ab-3c07-470e-9549-35dcfb9b0ae9,Diana,James,shelby56@yahoo.com,31/12/2024
d0854b7a-7cb8-47ae-83c6-ff15e8ee46b8,Kenneth,Watts,coxanna@valentine-price.net,17/02/2025
8bbbe111-d30a-4f77-867c-3f480953ec51,Travis,Bean,jonesmelissa@gonzalez-campos.com,03/12/2024
e22b6709-8f88-419c-be8e-2241eb8d893b,Jodi,Davis,newmanamber@thomas.com,02/12/2024
f0746023-66df-40a6-8b35-26c13fced4dc,Erica,Khan,kathleenperkins@yahoo.com,16/11/2024
fbf1b5f1-8367-4c46-82ec-c56bc444b0d7,Todd,Perkins,charles46@yahoo.com,22/01/2025
8624e7e3-7ee5-4487-a41c-08f9cfdf807a,Joel,Ferguson,dvelasquez@ramirez.info,20/11/2024
1d2bca01-e9c3-4304-9b72-66c0eadd0683,Victor,Green,brittany52@cox.com,17/01/2025
a8a92e2e-3e99-4ba6-b07f-8446156c4e0f,Holly,Lewis,youngchristopher@gmail.com,15/03/2025
1fdd2714-eadb-438c-9976-f0d8d312ecfa,Keith,Reyes,qtaylor@ford.com,15/02/2025
5990f7ef-d2d3-4ed4-a2be-e5c766be9dd0,Ryan,Donovan,laurielove@gmail.com,01/01/2025
0a5ec249-a5d0-454a-8a7b-34700a96ba27,Alyssa,Williams,nmccarthy@chapman-cain.info,10/01/2025
756d52ef-8f2d-46fb-8620-5d6842a42816,Ashlee,Strong,benjamin02@wilson.net,06/03/2025
3b260b3c-3c71-437c-bbb9-8f5995b98d10,Audrey,Roberts,osmith@gmail.com,05/02/2025
ec09f994-d2b6-47aa-b133-77576a170fb8,David,Holloway,franciskimberly@gmail.com,16/04/2025
955cf620-8364-470e-9a8c-f50a5be08391,Robert,Soto,olivia28@wiley.com,20/01/2025
74b2795b-c75a-4995-97f8-6f31bff8d52a,Ashley,Valdez,sbrown@morales.org,17/03/2025
5c15cd2e-3bc8-4148-b408-619ec62a4dc9,John,Johnson,gomezadam@yahoo.com,02/02/2025
0e4d7194-b293-4d7b-a23a-68348b708809,Mark,Spence,wendycurtis@gmail.com,26/03/2025
00b23430-2eaa-4c49-91f8-0cc8e4fa29d6,Kathleen,Kelley,ywoodward@hotmail.com,27/02/2025
9b9206d6-e69d-474c-b5c3-7d7d9360a45c,Leah,Small,bwhite@gmail.com,30/03/2025
5b217cee-8f3c-4666-a22f-305943787fff,Jennifer,Adams,sullivanbarbara@garcia.com,02/12/2024
3c28a42e-ca11-4952-afe6-4a1c533d5150,Susan,Lynch,ogoodman@kirk.com,18/03/2025
14aaf099-5c2c-4545-a451-5c18d60c65ab,Tony,Porter,dawn89@yahoo.com,08/12/2024
24f5bb0b-8155-4508-b1d5-5d60196e0dc0,William,Jones,robertvelazquez@murray.org,02/03/2025
7a95f1c0-841e-4310-a57c-89016599f70b,William,Wilson,yatesdaniel@yahoo.com,16/03/2025
c32949d6-4ae2-461a-bb3d-f89a81f12dce,Diana,Taylor,ellishenry@smith-morse.com,14/02/2025
eb7e1595-992c-4059-aaa9-0cb4db953e63,Michelle,Miller,shahrichard@hotmail.com,08/04/2025
5cb881d0-d068-498a-a789-5a228874829e,Jasmine,Ray,julialowe@sanchez.com,23/03/2025
a3d853cc-b94e-4877-8121-af01de7cead7,Sara,Moore,woodsemily@yahoo.com,06/11/2024
6784ccab-97d3-4bd5-8266-d4f5b7df9563,Alex,Warren,nhowell@cannon.com,31/01/2025
89e6b24f-52d2-4c63-8f4d-11007971e0df,Allison,Ward,dyerholly@yahoo.com,16/01/2025
84a3cef4-33ec-422c-85f9-38204799467c,Tammy,Clark,jenniferreese@gmail.com,31/01/2025
79043cf2-28f3-434d-834b-13535e3e273f,Michelle,Moore,valerieobrien@mitchell.info,07/03/2025
f8e45008-e957-4cbd-92ae-adfcdd9dd738,Holly,Reid,davidlee@gmail.com,30/12/2024
a737caf9-f492-4a7f-93c9-cffa5d89c2c7,William,Rivera,dlopez@yahoo.com,05/11/2024
985300a5-dee8-4e4c-8393-cb22c4075034,Shane,Silva,carsonlaurie@gmail.com,17/04/2025
897db752-acc6-48d6-b07a-5fb7d19e336c,Susan,Evans,kbarnes@gmail.com,07/02/2025
40bf6beb-d830-43e6-956b-b1b90ac30d9b,Margaret,Potts,moorealyssa@hotmail.com,12/11/2024
1588a47c-8994-4690-aee8-6346eade34b6,Timothy,Riddle,yfox@johnson-bates.biz,02/11/2024
ba9a2bff-8d93-47f2-b6af-19d40ca43c67,Alison,Perry,nathan47@yahoo.com,31/03/2025
ef5b6d91-5196-4e19-9e14-4feb8525541f,Timothy,Carey,lanemichael@gmail.com,04/02/2025
62a93e87-0c5a-47f2-8649-c2a2d7a75855,Brian,Boyle,tbarton@mcconnell.org,14/04/2025
9a6132b0-7faa-4b60-9af6-6fab819609fc,Christina,Townsend,brandon16@campbell.net,27/01/2025
f696a740-630a-4c9a-b5b2-e7cdd3a03c2b,Steven,Mckinney,brownjoseph@hotmail.com,29/11/2024
6e66bd80-1e71-4222-a2d2-02c4540febce,Robert,Gordon,kalvarado@lee.com,09/02/2025
b3c32c4c-1507-4c89-9496-fb7a059ca979,Erik,Bell,staceyschultz@smith.com,02/02/2025
9ea2f0c8-b838-4262-b176-f3e7b6bd1a22,Travis,Norton,wilsonamanda@gmail.com,19/11/2024
40e68922-9187-4102-b4c4-547e6100ccd8,Tammy,Long,steven39@gmail.com,22/11/2024
36f1be00-a82b-47d5-a8ce-0740de276411,Joseph,Gibson,fphelps@yahoo.com,24/12/2024
c06bdcdc-0205-446b-9dfc-cd56e4a7af60,Nathan,Gonzales,sullivanmatthew@gmail.com,05/04/2025
d0acd964-5446-44dd-a2f0-4a3dc7a98f9c,Deborah,Robbins,michaelanderson@benitez-munoz.org,30/01/2025
69533266-a14d-4a3e-b13f-09009b8035b5,Aaron,Jones,amandavega@king-brown.com,15/01/2025
e7f1e5a4-176c-4ace-8ae3-994c11386483,Kelly,Edwards,robert53@hotmail.com,12/11/2024
14716a13-d714-4500-861e-9ac26169bad6,Jennifer,Schultz,nmartin@yahoo.com,02/03/2025
17fca2b7-fb5e-43ed-8aa4-4baab23a65f4,Alex,Williams,shaun58@gutierrez.info,30/11/2024
32f5fd5d-1c68-466e-97b0-4211ce607b64,Gary,Smith,rodneysantos@hotmail.com,09/03/2025
24fecfa1-d791-4e6d-8407-9c3a2fdee48a,Heidi,Jackson,lstewart@robertson.com,11/02/2025
04d2c232-3692-4f2a-8b69-f36b002eb55e,James,Serrano,kimberly36@gmail.com,24/01/2025
d330596a-4783-45dc-a892-96aaea7ae91b,Carl,Johns,franklinshelly@daugherty.com,08/11/2024
933a6613-2f56-4d72-8eab-3b715f75266a,Erica,Stephenson,iellis@johns-skinner.net,13/04/2025
fdc7caa7-045c-4f09-8c35-e3378e179a0b,Emily,Griffin,usteele@yahoo.com,28/01/2025
e3e404df-def2-46fe-a11e-f8b259e66f5e,Austin,Rhodes,ruizlinda@yahoo.com,15/01/2025
6d93fb8e-6c4a-4936-ac74-3ee8e8ca3546,Robert,Ray,randybishop@gmail.com,27/03/2025
638224c2-bfc9-4cb8-b29e-31d99c89aae2,Catherine,Ballard,andrew20@west.net,01/11/2024
d9fcc77c-5637-4791-8c1a-38743d86a870,Derrick,Freeman,qbuchanan@lewis-ingram.com,17/01/2025
d6ac2267-a276-4236-9abe-8d363caf55c4,Charles,Christian,mlawrence@hotmail.com,15/11/2024
07aa498f-af83-4b51-9e3b-ce3eff59fb72,Christopher,Schmidt,alexandra53@gmail.com,29/01/2025
25fc9245-63f4-420c-acdd-579e966aea10,John,Rios,philipwallace@cannon.com,10/01/2025
6634e875-e07a-46b9-927a-7e262e700c4e,Carl,Kelly,crystalcastro@gmail.com,18/01/2025
bc07c321-1db7-44fb-879b-eb810060c986,Alicia,Rivera,masonchad@yahoo.com,07/02/2025
2e5b375a-b243-4fb2-8062-d2060c58759d,Aaron,Banks,hmyers@vasquez-williams.com,01/11/2024
ac047ee0-6087-432e-86f6-b294ece05e17,George,Williams,ataylor@gmail.com,06/02/2025
0fe739b6-2478-421a-96ab-7ea47caf9d00,Justin,Cox,ryanbishop@wilkins.org,19/01/2025
07300e38-8f84-46b5-9288-a5987b97eaac,David,Price,ramirezaustin@acevedo.com,28/02/2025
d426b8c5-3aaf-446d-affc-738d417c8d0e,Jessica,Phillips,joshua71@singh.com,27/03/2025
8c3d4be5-5065-4942-8a60-3fa03c063981,Danielle,Bryan,brownwendy@hotmail.com,20/12/2024
e65813bd-cc0e-4116-8c6a-6bd3af4a5eb7,Joe,Nelson,pamelasanchez@escobar.com,10/03/2025
54854259-69f4-4ab1-87fa-14407c0925cf,Courtney,Malone,zbutler@hotmail.com,25/10/2024
bbc7a4af-3b53-481b-afe6-3cba73391c5f,Donna,Wilkinson,chris25@hopkins-palmer.biz,06/01/2025
16cd3588-618e-4232-8754-94cc53dfb66f,Benjamin,Valencia,kristina63@davila.com,09/12/2024
97620334-8b71-4de5-9908-79b743e8255c,Clinton,Clayton,powellkevin@jones.com,28/03/2025
48d53844-f418-481a-89ab-895fc02aa9c2,Reginald,Krueger,wadesara@yahoo.com,21/10/2024
119ace28-96ba-41c2-b372-28a99189d235,Scott,Hill,tracyjackson@yahoo.com,15/03/2025
b1e863d1-fafa-42a1-8de9-3249d771ef3a,Jennifer,Williams,drew16@kerr-avila.com,02/12/2024
62dd4831-b3b2-4750-b8f5-49e1c759dc59,Ronald,Thompson,loretta82@reed.com,10/02/2025
f27da2fe-10e9-4333-a134-18e9b5bc89b3,Leslie,Obrien,monica83@ortega.net,04/11/2024
cbac26e0-3eba-444f-9915-aabefe0e640b,Joseph,Moore,bethmartinez@yahoo.com,30/10/2024
4e5192d6-2cc2-4b5f-9f74-d6bf45dced92,David,Mathews,freemanmichael@peterson-harris.com,11/01/2025
eefa55c0-4516-4dd5-82d0-191a99a5b2cd,Jamie,Hall,johnsondavid@graves-anthony.com,27/12/2024
a9b145f9-371d-4a38-b32f-a701800c3f72,Tracey,Franklin,hollandgregory@yahoo.com,06/03/2025
cc1e72a8-a6a1-4bc3-a8a3-a32576d0291a,Nicholas,Summers,nicholsjenna@hotmail.com,02/11/2024
09b33fae-4624-477b-afc3-e4c9dc5cf6b6,Traci,Mueller,robertoschroeder@shaffer-gonzalez.com,03/02/2025
96afc125-11b5-4d14-86f8-3d24be7a0961,Tiffany,Mcconnell,lcaldwell@yahoo.com,02/11/2024
fffb67ac-efb2-49b2-b156-10ac89f312df,James,Johnson,torresvanessa@yahoo.com,12/04/2025
7661271d-0652-40be-97d4-8d02fc914552,Patricia,Sanders,baldwinlaura@johnson-thomas.com,03/11/2024
3bbc0f7a-e1b8-4125-93ff-ea6739275d8f,Trevor,Brown,angelica15@olson.com,21/01/2025
240a847f-1db7-43db-8b34-27a851ac9a6c,Charles,Wheeler,johnsonpaula@gmail.com,27/10/2024
bf82078e-79f4-4c01-b879-18d4f08ba8ae,Jennifer,West,howellelizabeth@gmail.com,16/12/2024
18d15ce2-f838-4e15-b8f5-295778981269,Deanna,Booker,smitherin@hotmail.com,08/01/2025
d09621d2-1956-4510-b522-8696a1e3e9ed,Sean,Olsen,ewoods@yahoo.com,25/11/2024
5f02a1e7-7e87-4aff-a310-0758e2652aa2,Sophia,Rice,thomasramirez@macias.com,19/03/2025
46b2a7b4-b7bd-4a07-8f87-d28a4970bc96,Ashley,Clark,dominguezmargaret@guzman.com,16/11/2024
8495d114-8423-448d-9dc7-ad2dea645c8d,Tiffany,Butler,johnsonkelly@gonzalez.org,19/03/2025
5086e87d-a279-43e2-99bb-13c40f6b6017,Vincent,Osborn,campbelltodd@yahoo.com,22/02/2025
f70e894b-a072-46df-b292-ff7e6032e06e,Daniel,Dominguez,mark30@gmail.com,11/03/2025
84583ad4-2ff0-43cd-96ff-3e8f478b93aa,Margaret,Coleman,ftaylor@scott.com,23/02/2025
c5bf4a36-9987-47cd-8d7f-5e01b8d1f148,Michael,Williams,ugarcia@hotmail.com,10/01/2025
e483bc39-d653-49d6-a824-fc977f2668de,William,English,perezdorothy@castillo.com,02/01/2025
18b2d80b-78b9-42b5-ac6d-251306d60f1a,Teresa,Williams,murraymichael@hall.net,12/04/2025
fb479fd3-6e11-47d1-a722-537b7f5f62cb,Melissa,Gregory,christian37@anderson.biz,03/01/2025
b3d1a534-4284-4422-8518-d4e0f0dda82b,Kenneth,Shelton,lopeznicholas@maynard.com,16/01/2025
6bc6f6aa-dd5d-49ae-ab7a-d72395c82103,Heather,Lewis,smithtimothy@hotmail.com,08/04/2025
2f49f702-e54a-4b5a-aa5c-df3405ebc109,Jordan,Thomas,oharmon@hotmail.com,17/04/2025
5bfd9014-a8ad-4717-8bb4-e480b6ac7c69,Wayne,Banks,gmurphy@gmail.com,15/04/2025
42be92a3-c5bf-49b2-82b9-f9a9888abaa1,Michael,King,joycecody@lowe-clark.biz,02/01/2025
366d60f5-6629-4eae-b143-7ca8c1a5e7ed,Edward,Walker,anna59@gmail.com,02/01/2025
9e956064-2e99-4b4c-8dc9-822179863bc1,Jeremy,Orozco,ntorres@yahoo.com,05/11/2024
e07b08fb-efd6-4c94-8981-1363c7a839c5,Heather,Tran,danielcoffey@yahoo.com,02/03/2025
1d95dd5d-80cc-4a91-ac60-f97e7a73d7cf,Kelly,Garcia,paige59@huynh.biz,26/02/2025
9e9f1bde-6983-4146-af1e-afd0af8711f9,Christopher,Keith,alyssa91@molina.com,09/04/2025
a493d6c5-5fc3-40f1-80c9-b27fcfc47cfb,Brenda,Shepard,wwatts@maddox-key.com,03/02/2025
3722f388-421e-4880-b49f-e715c5a9b756,Selena,Hopkins,vjohnson@gilbert.com,16/11/2024
1bff82d0-2661-401d-a31a-deeb0c7173c5,Tonya,Conley,qparker@baker.com,25/02/2025
5f6fbd14-7660-4968-84b7-16fd32b25111,Alan,Williams,chowell@avila-melton.com,06/04/2025
c4df38a2-c517-4ee5-950b-0766df443cc1,Vanessa,Rodriguez,iboone@yahoo.com,27/12/2024
368f1980-f0d9-4ec8-8c44-67c95325f9d5,James,Schwartz,denise87@hotmail.com,13/11/2024
af43d9e8-dbc2-4e2d-9449-6cd13bd7c106,Matthew,White,ymeza@yahoo.com,25/11/2024
bb84893d-b1bb-419f-be04-653393f85fe3,Sydney,Lopez,tiffany76@yahoo.com,02/02/2025
5c801f08-f02b-480a-8835-1c3706bdd795,Richard,Young,garrettderek@sullivan.com,05/01/2025
0b73c47b-950a-4580-a411-1542cd6bc8f5,Michelle,Mills,brichardson@adams.com,01/02/2025
ea313bc0-f8ef-4150-9121-1aeaa1d0201f,Rick,Maxwell,taylorbrooks@gmail.com,15/11/2024
791bc743-e462-42a8-9bb6-42c3a812d16f,Charlene,Anderson,burkemichael@gmail.com,11/03/2025
988d1c76-d971-4334-9dc5-7fbce7913193,Nancy,Mckinney,blakejuan@gmail.com,03/12/2024
7027ffc4-dbdd-40e8-bfd8-20b62f0b6d5e,Catherine,Oneill,russell09@baker-petty.org,01/04/2025
31a650bb-84bc-427b-9899-fd8d40425cf8,Zachary,Leonard,ygutierrez@rollins.com,22/10/2024
2a0d834e-7aab-4cbc-a152-e74280a3873a,Martha,Ashley,brandonschroeder@martinez.com,17/03/2025
67296609-57e6-42e3-a086-76616f32c81f,Micheal,Moore,jakejohnson@wright.com,25/10/2024
6ee035a8-5a50-4d3a-896f-30bfee2d14ba,John,Howard,dennis56@watson-jordan.com,18/12/2024
637ee678-523f-45f0-8135-1c2359aa2c93,Harold,Hughes,yfernandez@jordan-hall.info,19/01/2025
9a0ce211-3391-4a53-96a1-e2c93c752cfd,Victor,Santos,juantravis@hotmail.com,01/03/2025
11c04962-2d18-4f5d-8dfe-9b99e9502c9a,James,Baldwin,susan67@gmail.com,09/03/2025
e52baeed-295d-442a-be37-15fbfcce1321,Travis,Baker,juanmedina@nash.com,04/02/2025
d1f20c2f-6902-4362-8ecd-cfdd4b10ebb3,Deborah,Jones,snavarro@gmail.com,11/01/2025
99bd63ca-293d-4b4a-ac44-a4214ca5d8ba,Daniel,Cain,brittanybooth@richardson.info,01/02/2025
717c21c1-354f-4d40-8ddd-cb322bac8db3,Robert,Carter,lance10@jones.com,02/01/2025
a5bbfcdd-20aa-44fd-b656-4d844e77a188,Heather,Carpenter,khines@gmail.com,30/03/2025
5b9cc20e-c4d3-42e1-b521-bf71fa3926e8,Melinda,Dixon,cole30@hotmail.com,04/12/2024
ebe4037f-1334-45e4-85b5-371cac2decf7,Heidi,Mills,paigefreeman@gmail.com,08/12/2024
7254963f-430c-4a53-83d6-afc6283adedc,Diana,Rodriguez,jenniferhines@wong-brown.info,18/01/2025
50c392f1-91f2-46b6-8d45-6c30ff4a1262,Cynthia,Park,jameslucas@yahoo.com,27/12/2024
a8a1c7d4-d209-47c7-9925-0d4e5676673a,Rachael,Mercer,fwolf@blankenship.org,20/11/2024
52ff660d-4122-481b-9a57-7a124c4da07a,Kevin,Acosta,curtistommy@hernandez.info,13/12/2024
6298a0b6-e3fe-44bd-b8a4-c3af97cc910b,Christine,Costa,nicolas17@robbins.com,26/11/2024
0e11e152-0931-484d-bbb5-62a90bed5a01,Anthony,Leon,smithrobert@golden-peterson.com,09/04/2025
e104cd61-d4f3-47df-b626-a52d10d244d9,Jesse,George,charleshoward@hotmail.com,11/03/2025
a1d6a62b-927b-4800-9210-5a85b00cc51e,Mary,Myers,crogers@yahoo.com,18/03/2025
b1c2d098-6061-423e-980d-2276de44e3d2,Cheyenne,Murray,richardsrobert@hotmail.com,12/11/2024
d8981208-0dae-4056-ac82-6c7060777541,Michael,Turner,beasleyjames@friedman.com,27/10/2024
fe7671c0-e910-48bf-9f08-38590613b2c8,Brandon,Fields,laurenmiller@farley.org,27/03/2025
2338d6c9-3e95-4e9f-a9d3-276dc834c7c0,Martha,Thomas,meaganarcher@rivera.info,26/02/2025
6e69fb30-b877-4c17-8857-cf67b99b5b4a,Sarah,Turner,michelleramirez@snyder-shaw.net,10/01/2025
304ffdb9-60a7-4cc1-9bf0-0384e9e6d1df,Eric,Little,kathryn67@hotmail.com,17/02/2025
6bd13acd-e970-4608-a6f1-99a1e6ef70ae,Brian,Brown,kristina89@hotmail.com,19/03/2025
3c8a6d74-e124-44f4-b2d6-fc53786ec7c3,Thomas,Ortega,jeannewallace@yahoo.com,10/04/2025
5e28adf1-c634-43bc-8718-7bf1b11f655c,Erin,Cantu,taylor72@gmail.com,11/04/2025
40e32d4a-ea77-4849-83c4-f86c96443911,Kimberly,Henry,teresa23@gmail.com,24/10/2024
4c06e855-6bd4-4493-aefd-44744634e3f9,Jonathan,Miller,joseph47@hotmail.com,07/12/2024
9aa95c16-941e-41e9-9e7f-bef6cfb8c9c2,Carrie,Hull,wagnerkimberly@rose.biz,30/11/2024
0945786c-9482-4629-93f0-b28b550da47b,Carol,Guzman,bryantchristopher@shaw.com,03/11/2024
ed1c5fac-20b8-4523-ace4-f2d3b2a8f828,Alejandro,Wyatt,palmermary@jefferson-burch.biz,09/11/2024
2d53a441-aaf3-46d3-abfa-39d1b751b671,Amber,Jones,xweber@yahoo.com,13/02/2025
6e8fdac5-95a0-4629-a67b-9ba3a2227c39,Yolanda,Conrad,matthewspatricia@yahoo.com,27/10/2024
9c46362a-e709-461b-bb72-dd83f5866c03,Kimberly,Lopez,jessicaking@martin.com,16/01/2025
c3872833-64e2-4cc0-ba74-8eb76f007163,Christopher,Stephens,allisongutierrez@turner.com,14/02/2025
c9437d46-74d9-4362-8c06-b1daa17b88e4,Joyce,Holland,sthompson@yahoo.com,28/02/2025
9aeadf09-3072-4ac9-8a6e-84f181ffae61,Anthony,Mejia,gritter@price.com,06/03/2025
00ba9c88-a8fb-4cc2-9e1f-a871e9dfed54,Christopher,Bishop,rosswheeler@williams.net,08/04/2025
0cec5f4e-2683-4466-acbe-3e63c1eb4413,Megan,Montgomery,lewismark@hotmail.com,30/10/2024
ce91f811-9e20-4f45-ac77-7bfd62d0a751,Peter,Thompson,paullong@hart.org,07/12/2024
5418f464-550c-48da-b4ee-b1232455e16f,Michael,Mcclure,sherri20@hotmail.com,14/03/2025
ac9b253b-4adf-45f6-8d71-ee55f02ebbc0,Jason,Guerrero,clarkmeghan@yahoo.com,29/10/2024
f4087616-634b-4b10-8696-0718d67ea502,Steven,Hernandez,anneweber@hotmail.com,07/01/2025
220b2966-e2c1-4df4-adce-a43b740f4eed,Larry,Smith,qday@yahoo.com,14/01/2025
4120b2bb-80db-49b9-9507-59f1c7ba4967,Jason,Bowen,dthomas@gmail.com,05/12/2024
a330ca4e-9bf6-436b-9c26-7c088cd81da9,Bianca,Martinez,michelle68@yahoo.com,03/02/2025
6a90ecdf-06c3-4652-af2c-ec2826cb26e4,Kyle,Walker,epark@gmail.com,02/12/2024
f0315bd6-5f83-4a70-934b-712f7202ef80,Mark,Lin,mary58@hotmail.com,16/03/2025
ec323f1b-7a30-4ca2-a2e6-bf967572e10b,Jacqueline,Leach,johnsonkelly@gmail.com,07/04/2025
2c96da67-a049-4265-adb2-154eb5de1b23,Cody,Brown,david13@gmail.com,21/03/2025
6f86402b-9670-403b-83c7-fca755f5883a,Christopher,Howe,tcameron@hotmail.com,01/11/2024
57c9a81f-0951-4e83-ae2f-65393320c2b9,Patrick,Hernandez,david17@harris.com,17/11/2024
415d7eb2-f420-4a70-ac3c-d405dca56683,Jeffery,Henry,qjohnson@yahoo.com,27/01/2025
3b4d7fec-6cbd-4ff3-baf5-aded5c86a38f,Eileen,Haynes,smithmichael@wilson.info,16/12/2024
7c2a51b0-a4a6-480b-b28c-14c56400b906,Anne,Baldwin,william07@hill.com,05/12/2024
2b24ccbf-e3de-4fdc-ba71-571fa8a1b0f5,Robert,Ellis,ricegary@stewart.com,28/03/2025
8e96ea40-322e-462b-992d-e8d5e92b4364,Jose,Watson,jamessmith@gmail.com,17/04/2025
df89acae-8d6f-4e47-a016-2695867fa22d,Amber,Olson,theresa26@gmail.com,12/03/2025
1e3e7673-7533-4502-8228-b0ba9835f71b,Daniel,Trujillo,darrellmoore@roberts.com,10/02/2025
be881ac2-71ee-416b-b47b-24d6c15f2640,Thomas,Andersen,nataliecollier@hotmail.com,22/12/2024
4a0129dd-75f6-4e73-8784-61256a699a70,Erin,Mitchell,nerickson@taylor.com,10/02/2025
b16191c8-7eb8-48d7-b878-d36e61fbc948,Jesus,Turner,santosbrittany@hotmail.com,14/02/2025
bb925499-af3b-49cb-b3c1-b17e3ede9349,Joseph,Coleman,ibrown@baird.com,20/03/2025
763487a5-2910-4e57-b660-3254d4797438,Angela,Kelley,josemunoz@yahoo.com,28/02/2025
7cb71c6a-32b6-4f66-a936-eebcb7a10d31,Kimberly,Hill,smorales@gmail.com,29/03/2025
46c42a47-478f-4957-81f7-38f536833ab6,Victoria,Johnson,vespinoza@hotmail.com,22/12/2024
d27588ce-755f-4c26-8f00-1c68512e0a65,Jessica,Russell,wtorres@robinson.info,06/12/2024
e5450dbb-ed61-4db1-a8e1-94c872e443bb,Christopher,Ramsey,craigroberts@russell-walker.com,18/12/2024
5b4c8911-d302-4520-b0ac-366463d37a5e,Tiffany,Alvarez,jamie18@yahoo.com,09/04/2025
da1f41a9-6203-4c1d-9e0f-9db661e5f579,Hannah,Miranda,dmiller@yahoo.com,18/11/2024
b2fbc545-5bed-420d-9235-eac6b1047016,Tyler,Hill,lisa54@fitzgerald.net,26/02/2025
1fa27ab0-2680-4d58-be4a-bd80ccb7437c,Steven,Brewer,mary27@yahoo.com,30/01/2025
358b1431-16fa-44fd-a4cc-f7a6b1ee3c03,David,Rivera,ericthomas@yahoo.com,03/12/2024
c85b64dd-ad8b-47d8-8ee4-d6cab405c4a8,Kim,Sims,burnsnicholas@gmail.com,09/01/2025
bfa4956f-df14-4c80-851b-32daebcd6bb0,Jennifer,Jones,fvillanueva@yahoo.com,18/12/2024
a24febe2-2bd5-4900-b821-22626c3f3a8c,Wendy,Robinson,michelle16@hutchinson.info,13/12/2024
6d6da97c-705f-41b8-aea2-9725b14b879e,Heidi,James,hbrandt@gmail.com,02/11/2024
3616f287-5aee-436d-b224-922967418dc0,Matthew,Ellison,gkennedy@gibson.com,06/02/2025
36a5a8fd-2e14-446e-82df-6569f0c10469,Nicole,Morrison,fhurst@collins-vargas.com,13/02/2025
424267aa-aa5c-470e-8f67-4670b37398ce,Dylan,Wiley,welchdesiree@yahoo.com,10/04/2025
197b8713-2d53-43de-a485-0492c8cf416c,Douglas,Mitchell,jeffreyjones@richardson.org,13/03/2025
7f76c188-e557-43bb-82b5-c96a6d5b0485,Roger,Becker,todd73@ross.biz,16/04/2025
3e89cacf-e10f-46ed-9455-4c01a215b134,Edward,Martinez,crystal02@yahoo.com,24/11/2024
b4270c53-0a29-4ba5-b78a-0f69c710cd00,John,Price,rebeccabrooks@reynolds.org,19/02/2025
457a4a1e-6659-4050-84f1-8aec32aad7e2,Anita,Herrera,ryan24@yahoo.com,02/03/2025
58863eb6-e246-44ad-998e-a811a069d199,Norma,Miller,robinsonjoe@yahoo.com,12/01/2025
badcbe02-eea4-470d-8bad-19b11687b5aa,Ruth,Tucker,daniel57@hotmail.com,06/02/2025
ca37a041-0fa3-4884-b924-12412c272bd4,Kenneth,Bradford,peter75@vega.com,25/01/2025
f8422b0a-1be4-4eff-9294-a4b1f204120f,Joel,Payne,monica46@gmail.com,30/10/2024
ea6dddce-d36e-4edc-a46e-c9c6d1646531,Latasha,Howard,rosswesley@pierce-munoz.info,27/12/2024
06d66c4c-9ef9-48f4-a62f-9fc340d1a363,Sharon,Jackson,rhernandez@cordova.com,23/02/2025
f99d4211-dd39-47d5-a043-1360390f4d3f,Scott,Lambert,maria35@yahoo.com,28/02/2025
66162bcc-a72d-4e8b-80f9-058c394301e1,Lisa,Beasley,sanchezcynthia@davis.com,03/01/2025
d3adf3b0-5154-4e77-820e-250ebdb82e49,Philip,Bell,laurenwiley@parrish.info,22/03/2025
b96e54a6-3b99-48d5-96ba-37f49446778e,Justin,Brown,tdavis@gmail.com,31/01/2025
888e8f31-0c70-4d1f-9fe5-b387063ce813,Anthony,Vance,olivia48@yahoo.com,22/12/2024
e0e570be-0f90-4b02-8abd-b8151161fd24,Kelly,Bond,welchthomas@jones.com,05/03/2025
4eba2293-20a7-4272-acf1-8b0582187b08,Jared,Mitchell,yolandawolfe@rogers.org,10/01/2025
4112a5bf-dec8-4283-b811-c1f8e71a3ab3,Jason,Bailey,schwartzmichelle@lawson.info,08/01/2025
3246e599-987b-4d89-838a-aa4fba980fa6,Kristen,Mitchell,gonzalezrobert@gmail.com,19/11/2024
6c987c38-b6ac-4587-a7ea-1d4463a804ea,Briana,Booth,pbaker@yahoo.com,18/12/2024
8f8890a9-f0e3-4d04-ad24-daa40aeec6ca,Brenda,Woodard,james53@charles.com,02/01/2025
dfb17529-8a21-45b3-ae2b-961d7559059e,Donald,Garcia,kleincarol@gmail.com,26/11/2024
f36b99ed-42f7-4e04-9bb1-ff494c2831e8,David,Vaughn,mitchellstephanie@webb.com,16/03/2025
fcd4750a-66e5-4801-9d4a-e2a23684540e,Elizabeth,Garrison,stephanie83@yahoo.com,02/02/2025
0b21d3a0-866d-49e2-843a-a176966e21c2,Bruce,Smith,jward@gmail.com,21/01/2025
4757ab73-1e26-4d42-a334-a4edf507bd79,Christopher,Reese,tlarson@yahoo.com,07/12/2024
d28329ae-9434-46ee-8a27-82f074ff85f7,Crystal,Hudson,gharris@hotmail.com,04/04/2025
aa37abcb-96e3-44f2-aef4-b901677be19e,Paul,Stewart,warnermatthew@gmail.com,04/12/2024
cab45cc1-c054-4938-887d-d41a613fb6e0,Shannon,Jordan,ctucker@pineda.net,18/12/2024
60bab871-3a9a-41be-a30e-337b010453f0,Madison,Elliott,richardgraves@taylor-campbell.com,05/04/2025
3a3be855-7aaa-4668-9a31-dcd6ef6ad6b9,Stephanie,Thomas,tmarks@hotmail.com,07/03/2025
6978927e-eaf2-4efc-a37f-fb2431736585,Patricia,Jones,latoya63@gmail.com,18/11/2024
3584f300-bba0-46df-b8a0-fbd8fd189c11,Jesus,Bell,sandovalsteven@hotmail.com,26/03/2025
944a418a-6487-42dd-9060-ea9263999109,Brandon,Morgan,nicholas87@armstrong.net,19/01/2025
baf7d4bf-0a45-47c2-a6c2-65820027c4b3,Tyler,Smith,millerrachel@gmail.com,16/04/2025
c0b00e75-8f82-40b0-9b28-e42e3478efca,Elizabeth,Patterson,lbarr@gray-weaver.com,01/11/2024
1c0c2fcd-3074-418d-9f25-f5eb90c9ae77,Russell,Diaz,gmoore@elliott.com,07/02/2025
15c86070-1ebe-4ce0-81d5-1dfcebbd3da9,Madison,Newman,gford@rangel.com,09/01/2025
c1291136-1238-49a8-bce6-379406a27e73,Douglas,Wilkinson,sharontucker@green.com,10/01/2025
2112f978-3517-4e60-b21c-c03dd1d21c35,Jennifer,Rodriguez,bradykaren@castillo.com,06/02/2025
d6cd3f10-61e7-4cd5-8b12-9d9cd7991262,Francisco,Johnson,wrightmary@collins-kane.biz,01/02/2025
c52c9acc-240d-4618-9b1a-f18f2d22e50e,Philip,Decker,brownsarah@reynolds.com,16/11/2024
bc4d86ea-7368-4689-9e1e-4e75555d3a53,Karla,Brown,fosterdeborah@watson.info,04/01/2025
95cf8590-ef5b-43f7-be36-60dfb06e783a,Tamara,Bradshaw,xholland@decker.biz,07/12/2024
fc879340-2c52-4d70-8d9f-5182fae7b899,Ellen,Duran,leemichelle@hicks.com,09/12/2024
819bb7a4-3bf3-48d3-a3b8-455d019d25ee,Sandra,Mills,mcdanielelizabeth@hotmail.com,29/11/2024
3c7f4f4a-3b8d-415a-b033-61041bec20af,Tina,Miller,garzaamanda@williams.info,24/12/2024
3be1f64f-9f6e-47a0-b697-e51a018571aa,Billy,Thompson,pperez@hotmail.com,23/02/2025
2118e98c-8fcb-4458-9f73-41171cdf0cea,David,Reed,patrickclarke@johnson.com,05/11/2024
4c82b524-9c30-45de-bdf5-b0a5d9247dc5,Chad,Carr,katelynchristensen@yahoo.com,18/04/2025
675679da-cd8d-4bc0-9abc-ffe8f0abec89,Brandon,Schmidt,klopez@hotmail.com,16/01/2025
b02e9c8c-24de-4a7c-b38c-c4dc6ef60c21,Cassandra,Beasley,lauramartin@gmail.com,03/04/2025
05da7f20-350f-4364-a7e9-dd88297cdf16,Donna,Clay,sheila78@hotmail.com,01/01/2025
242495c3-4db5-4716-b2e9-cbee651080b2,Katherine,Bradley,cadams@hotmail.com,08/11/2024
2b603480-f891-4df0-9faa-e4d910a91f56,David,Obrien,camposbrian@bennett.info,02/02/2025
ca4ba5d8-8979-43e4-868c-ee6fdf25dc9c,Kenneth,Mills,vmayer@gmail.com,11/03/2025
dc1abb79-57ef-4db5-a5ad-6108e4a67ed4,Morgan,Higgins,ofoster@thomas.org,31/03/2025
97a91ce7-7241-4940-8afd-337dba8c6e9c,Mary,Scott,foxmatthew@hotmail.com,27/11/2024
a7f3a8ef-488a-419c-9811-1e89e62a8890,James,Murphy,ejohnson@thompson-lam.biz,31/10/2024
a5e30d03-e410-4b51-954c-574ebac635da,Jennifer,Quinn,laura42@yahoo.com,12/12/2024
1f5bf5f3-4536-4a61-90ea-df512490c05c,James,Jones,mary05@lee.net,02/01/2025
796d6469-002a-40e5-a6d3-ac9b846ca952,Juan,Wolf,sandra10@koch.com,01/03/2025
c344f12d-9cd1-4782-b731-f932264f339c,Matthew,Mitchell,deborah49@hotmail.com,15/02/2025
a4466c59-3f50-4bc9-b8a4-ab7dec9214ff,Amanda,Davis,staffordmark@gmail.com,15/02/2025
b63b9fed-5c53-428f-a0d8-a170cf27ea75,Theresa,Walker,danny83@hotmail.com,29/10/2024
41ea4196-aca3-4f40-815d-dbd4cb1f88da,Mandy,Wilcox,anitajones@mcdaniel.com,08/04/2025
de5b53fc-2fe4-48f9-a46c-0af2cd7123e1,Catherine,Hogan,smcclure@hammond-powers.org,04/11/2024
f340e91c-bc75-40a8-ae75-725b1868e8df,Matthew,Robbins,apatton@yahoo.com,26/11/2024
82a0be2e-8e35-4dfa-ae3a-07f58db8e774,Victor,Porter,ashley32@hotmail.com,26/03/2025
33f855fc-cf36-4efc-b2b4-6f98c7de6060,Larry,Smith,mitchell43@yahoo.com,18/03/2025
10bbf6c6-8d8a-46fe-84a0-4bcd6bf65e48,Courtney,Johnson,jonliu@gmail.com,12/02/2025
c786714f-d88d-49d1-9367-b6651822553c,Philip,Green,mmills@hotmail.com,10/03/2025
e229c4e4-0822-4897-9e22-a7ef8fc104ea,Sandra,Cox,riverarebecca@green.com,28/02/2025
7acff855-11d4-4162-ad44-1a4d82471aa6,Justin,Collins,johnking@yahoo.com,06/02/2025
ac8e8072-8a4a-4f07-b43e-d4eb641d31f8,Nicholas,Martinez,james43@valencia-zamora.com,02/12/2024
571ec897-f243-4362-9a06-172f1f18a948,Crystal,Maynard,nicholashernandez@yahoo.com,22/01/2025
b5dad994-2605-48fd-b1b9-d1fce87cdd7f,Larry,Miller,tina13@yahoo.com,30/11/2024
e3e0eded-928d-45fe-8b63-84fa98a7c9b8,John,Smith,nshelton@hotmail.com,08/04/2025
dddb9301-91ac-4d95-bec4-00614ce78836,Raymond,Horn,shawnbarton@yahoo.com,15/04/2025
4c722705-a876-4532-8c8c-458e83a560fd,Nicole,Johnson,derekdavis@haynes.com,25/12/2024
b8aa70e7-5e19-4894-9fac-2ad615172ea1,Mark,Castro,thomasdyer@rodgers-haynes.biz,19/12/2024
0d630ae4-2b82-40d4-9c45-cc6dd6496068,Scott,Jackson,villanuevamichael@johnson.com,15/04/2025
9af66096-b238-4219-b51d-1581c2978d10,Mary,Preston,jose35@hotmail.com,24/10/2024
92b8f110-9913-4c1b-9c0d-7b6c12894940,Theodore,Vargas,shannon02@hotmail.com,01/12/2024
5c4fa413-c033-450f-8ab2-3dddb17fba41,Nicole,Harris,holtjohn@kane.com,27/11/2024
c695748c-da97-4401-b079-5b13dd7533c6,Sandra,Mejia,obaker@robinson-kennedy.com,14/03/2025
303a89bc-b3a9-4c1b-bc57-bbc9e30c108b,Nicholas,Allen,heidimorris@moore.info,13/11/2024
1bec11e5-dd1f-4a6b-886c-c30bd45339e1,Brittany,King,beckerkimberly@brown.net,15/03/2025
0c9cd3bb-dbbd-4c50-aa2e-b8319216ae9f,Christopher,George,zboyd@gmail.com,16/03/2025
858ab6c1-44be-4816-a3d7-a04bcfa47b5d,Michael,Gross,davidweaver@johnson.com,22/01/2025
5057cbd6-53ae-4a42-ba0c-424fd1bd83c8,David,Gallagher,nunezjon@gmail.com,16/04/2025